-- phpMyAdmin SQL Dump
-- version 5.2.1
-- https://www.phpmyadmin.net/
--
-- Хост: 127.0.0.1
-- Время создания: Апр 06 2026 г., 10:28
-- Версия сервера: 10.4.32-MariaDB
-- Версия PHP: 8.2.12

SET SQL_MODE = "NO_AUTO_VALUE_ON_ZERO";
START TRANSACTION;
SET time_zone = "+00:00";


/*!40101 SET @OLD_CHARACTER_SET_CLIENT=@@CHARACTER_SET_CLIENT */;
/*!40101 SET @OLD_CHARACTER_SET_RESULTS=@@CHARACTER_SET_RESULTS */;
/*!40101 SET @OLD_COLLATION_CONNECTION=@@COLLATION_CONNECTION */;
/*!40101 SET NAMES utf8mb4 */;

--
-- База данных: `calculator`
--

-- --------------------------------------------------------

--
-- Структура таблицы `changes_log`
--

CREATE TABLE `changes_log` (
  `log_id` int(11) NOT NULL,
  `change_date` datetime NOT NULL,
  `changes_count` int(11) NOT NULL,
  `user_ip` varchar(45) NOT NULL
) ENGINE=InnoDB DEFAULT CHARSET=utf8 COLLATE=utf8_general_ci;

-- --------------------------------------------------------

--
-- Структура таблицы `fixed_salaries`
--

CREATE TABLE `fixed_salaries` (
  `fixed_salary_id` int(11) NOT NULL COMMENT 'Уникальный идентификатор оклада',
  `region_id` int(11) NOT NULL COMMENT 'Регион',
  `tariff_group_id` int(11) NOT NULL COMMENT 'Тарифная группа',
  `fixed_salary` decimal(10,0) NOT NULL COMMENT 'оклад в рублях в месяц'
) ENGINE=InnoDB DEFAULT CHARSET=utf8 COLLATE=utf8_general_ci COMMENT='фиксированные оклады';

--
-- Дамп данных таблицы `fixed_salaries`
--

INSERT INTO `fixed_salaries` (`fixed_salary_id`, `region_id`, `tariff_group_id`, `fixed_salary`) VALUES
(1, 1, 1, 40000),
(2, 2, 1, 40000),
(3, 1, 6, 48000),
(4, 2, 6, 48000),
(5, 1, 2, 42000),
(6, 2, 2, 42000),
(7, 1, 3, 40000),
(8, 2, 3, 40000),
(9, 1, 4, 40000),
(10, 2, 4, 40000),
(11, 1, 5, 52000),
(12, 2, 5, 52000),
(13, 1, 7, 57000),
(14, 2, 7, 57000);

-- --------------------------------------------------------

--
-- Структура таблицы `hourly_rates`
--

CREATE TABLE `hourly_rates` (
  `hourly_rate_id` int(11) NOT NULL COMMENT 'уникальный идентификатор почасовой ставки',
  `region_id` int(11) NOT NULL COMMENT 'Регион',
  `tariff_group_id` int(11) NOT NULL COMMENT 'Тарифная группа',
  `position_id` int(11) NOT NULL COMMENT 'должность',
  `hourly_rate` int(11) NOT NULL COMMENT 'ставка в рублях за час'
) ENGINE=InnoDB DEFAULT CHARSET=utf8 COLLATE=utf8_general_ci;

--
-- Дамп данных таблицы `hourly_rates`
--

INSERT INTO `hourly_rates` (`hourly_rate_id`, `region_id`, `tariff_group_id`, `position_id`, `hourly_rate`) VALUES
(1, 1, 1, 1, 192),
(2, 1, 2, 1, 215),
(3, 1, 3, 1, 189),
(4, 1, 4, 1, 179),
(5, 1, 5, 1, 316),
(6, 1, 6, 1, 230),
(7, 2, 1, 1, 192),
(8, 2, 2, 1, 195),
(9, 2, 3, 1, 179),
(10, 2, 4, 1, 262),
(11, 2, 5, 1, 286),
(12, 2, 6, 1, 230),
(13, 3, 1, 1, 200),
(14, 3, 2, 1, 200),
(15, 3, 6, 1, 235),
(16, 4, 1, 1, 200),
(17, 4, 2, 1, 200),
(18, 4, 6, 1, 235),
(19, 5, 1, 1, 235),
(20, 5, 2, 1, 170),
(21, 5, 6, 1, 257),
(22, 6, 1, 1, 195),
(23, 6, 2, 1, 195),
(24, 6, 3, 1, 214),
(25, 6, 4, 1, 238),
(26, 1, 1, 2, 192),
(27, 2, 1, 2, 192),
(28, 1, 6, 2, 230),
(29, 2, 6, 2, 230),
(30, 1, 2, 2, 215),
(31, 2, 2, 2, 215),
(32, 1, 3, 2, 189),
(33, 2, 3, 2, 179),
(34, 1, 4, 2, 179),
(35, 2, 4, 2, 262),
(36, 1, 5, 2, 316),
(37, 2, 5, 2, 286),
(38, 1, 1, 4, 192),
(39, 2, 1, 4, 192),
(40, 1, 6, 4, 230),
(41, 2, 6, 4, 230),
(42, 1, 2, 4, 215),
(43, 2, 2, 4, 215),
(44, 1, 3, 4, 189),
(45, 2, 3, 4, 179),
(46, 1, 4, 4, 179),
(47, 2, 4, 4, 262),
(48, 1, 5, 4, 316),
(49, 2, 5, 4, 286),
(50, 1, 1, 3, 192),
(51, 2, 1, 3, 192),
(52, 1, 6, 3, 230),
(53, 2, 6, 3, 230),
(54, 1, 2, 3, 215),
(55, 2, 2, 3, 215),
(56, 1, 3, 3, 189),
(57, 2, 3, 3, 179),
(58, 1, 4, 3, 179),
(59, 2, 4, 3, 262),
(60, 1, 5, 3, 316),
(61, 2, 5, 3, 286),
(62, 1, 1, 6, 205),
(63, 1, 6, 6, 246),
(64, 1, 2, 6, 220),
(65, 1, 3, 6, 194),
(66, 1, 4, 6, 194),
(67, 1, 5, 6, 316),
(68, 2, 1, 6, 205),
(69, 2, 6, 6, 246),
(70, 2, 2, 6, 220),
(71, 2, 3, 6, 194),
(72, 2, 4, 6, 272),
(73, 2, 5, 6, 296),
(74, 1, 1, 5, 225),
(75, 1, 6, 5, 252),
(76, 1, 2, 5, 240),
(77, 1, 3, 5, 225),
(78, 1, 4, 5, 225),
(79, 2, 1, 5, 210),
(80, 2, 6, 5, 252),
(81, 2, 2, 5, 225),
(82, 2, 3, 5, 210),
(83, 2, 4, 5, 272),
(84, 2, 5, 5, 296),
(85, 3, 1, 2, 200),
(86, 3, 6, 2, 254),
(87, 3, 2, 2, 210),
(88, 3, 1, 6, 213),
(89, 3, 1, 3, 200),
(90, 3, 6, 3, 235),
(91, 3, 2, 3, 200),
(92, 3, 1, 4, 200),
(93, 3, 6, 4, 235),
(94, 3, 2, 4, 200),
(95, 3, 1, 5, 236),
(96, 3, 6, 5, 254),
(97, 3, 2, 5, 221),
(98, 3, 6, 6, 254),
(99, 3, 2, 6, 210),
(100, 4, 1, 2, 200),
(101, 4, 6, 2, 235),
(102, 4, 2, 2, 200),
(103, 4, 1, 6, 213),
(104, 4, 6, 6, 254),
(105, 4, 2, 6, 210),
(106, 4, 1, 3, 200),
(107, 4, 6, 3, 235),
(108, 4, 2, 3, 200),
(109, 4, 1, 4, 200),
(110, 4, 6, 4, 235),
(111, 4, 2, 4, 200),
(112, 4, 1, 5, 236),
(113, 4, 6, 5, 254),
(114, 4, 2, 5, 221),
(115, 5, 1, 2, 235),
(116, 5, 6, 2, 257),
(117, 5, 2, 2, 170),
(118, 5, 1, 6, 255),
(119, 5, 6, 6, 280),
(120, 5, 2, 6, 216),
(121, 5, 1, 3, 235),
(122, 5, 6, 3, 257),
(123, 5, 2, 3, 170),
(124, 5, 1, 4, 235),
(125, 5, 6, 4, 257),
(126, 5, 2, 4, 170),
(127, 5, 1, 5, 276),
(128, 5, 6, 5, 304),
(129, 5, 2, 5, 233),
(130, 6, 1, 2, 195),
(131, 6, 2, 2, 195),
(132, 6, 3, 2, 214),
(133, 6, 4, 2, 238),
(134, 6, 1, 6, 204),
(135, 6, 2, 6, 204),
(136, 6, 3, 6, 220),
(137, 6, 4, 6, 245),
(138, 6, 1, 3, 195),
(139, 6, 2, 3, 195),
(140, 6, 3, 3, 214),
(141, 6, 4, 3, 238),
(142, 6, 1, 4, 195),
(143, 6, 2, 4, 195),
(144, 6, 3, 4, 214),
(145, 6, 4, 4, 238),
(146, 6, 1, 5, 242),
(147, 6, 2, 5, 210),
(148, 6, 3, 5, 225),
(149, 6, 4, 5, 250),
(150, 1, 5, 5, 316),
(151, 1, 7, 2, 345),
(152, 1, 7, 6, 345),
(153, 1, 7, 1, 345),
(154, 1, 7, 3, 345),
(155, 1, 7, 4, 345),
(156, 1, 7, 5, 345),
(157, 2, 7, 2, 345),
(158, 2, 7, 6, 345),
(159, 2, 7, 1, 345),
(160, 2, 7, 3, 345),
(161, 2, 7, 4, 345),
(162, 2, 7, 5, 345);

-- --------------------------------------------------------

--
-- Структура таблицы `positions`
--

CREATE TABLE `positions` (
  `position_id` int(11) NOT NULL COMMENT 'уникальный идентификатор должности',
  `position_name` varchar(100) NOT NULL COMMENT 'Название должности',
  `has_fixed_salary` tinyint(1) NOT NULL COMMENT 'есть ли фиксированный оклад (TRUE ТОЛЬКО ДЛЯ УО)'
) ENGINE=InnoDB DEFAULT CHARSET=utf8 COLLATE=utf8_general_ci;

--
-- Дамп данных таблицы `positions`
--

INSERT INTO `positions` (`position_id`, `position_name`, `has_fixed_salary`) VALUES
(1, 'Кассир-продавец', 0),
(2, 'Бариста', 0),
(3, 'Консультант по КСО', 0),
(4, 'Продавец гастрономии', 0),
(5, 'Управляющий объектом', 1),
(6, 'Заместитель управляющего объектом', 0);

-- --------------------------------------------------------

--
-- Структура таблицы `regions`
--

CREATE TABLE `regions` (
  `region_id` int(11) NOT NULL COMMENT 'уникальный идентификатор региона',
  `region_name` varchar(100) NOT NULL COMMENT 'Название региона'
) ENGINE=InnoDB DEFAULT CHARSET=utf8 COLLATE=utf8_general_ci COMMENT='Регионы';

--
-- Дамп данных таблицы `regions`
--

INSERT INTO `regions` (`region_id`, `region_name`) VALUES
(1, 'Алтай-Восток'),
(2, 'Алтай-Запад'),
(3, 'Кузбасс-Север'),
(4, 'Кузбасс-Юг'),
(5, 'Новосибирск'),
(6, 'Томск');

-- --------------------------------------------------------

--
-- Структура таблицы `stores`
--

CREATE TABLE `stores` (
  `store_id` int(11) NOT NULL COMMENT 'уникальный идентификатор магазина',
  `store_number` varchar(10) NOT NULL COMMENT 'номер магазина',
  `tariff_group_id` int(11) NOT NULL COMMENT 'тарифная группа магазина',
  `region_id` int(11) NOT NULL COMMENT 'регион расположения магазина',
  `is_high_turnover` tinyint(1) NOT NULL COMMENT 'товарооборот магазина',
  `has_resort_rate` tinyint(1) DEFAULT 0,
  `resort_multiplier` decimal(5,2) DEFAULT 1.00
) ENGINE=InnoDB DEFAULT CHARSET=utf8 COLLATE=utf8_general_ci;

--
-- Дамп данных таблицы `stores`
--

INSERT INTO `stores` (`store_id`, `store_number`, `tariff_group_id`, `region_id`, `is_high_turnover`, `has_resort_rate`, `resort_multiplier`) VALUES
(1, '1', 1, 1, 0, 0, 1.00),
(2, '2', 1, 1, 0, 0, 1.00),
(3, '3', 1, 2, 1, 0, 1.00),
(4, '4', 1, 2, 1, 0, 1.00),
(5, '5', 1, 1, 0, 0, 1.00),
(6, '6', 1, 2, 0, 0, 1.00),
(7, '7', 1, 2, 1, 0, 1.00),
(8, '8', 1, 1, 1, 0, 1.00),
(9, '9', 1, 1, 1, 0, 1.00),
(10, '10', 1, 1, 1, 0, 1.00),
(11, '11', 1, 1, 1, 0, 1.00),
(12, '12', 1, 2, 1, 0, 1.00),
(13, '13', 1, 2, 1, 0, 1.00),
(14, '14', 1, 2, 1, 0, 1.00),
(15, '15', 1, 2, 1, 0, 1.00),
(16, '16', 1, 1, 1, 0, 1.00),
(17, '17', 1, 2, 0, 0, 1.00),
(18, '18', 1, 2, 1, 0, 1.00),
(19, '19', 1, 1, 1, 0, 1.00),
(20, '20', 1, 2, 1, 0, 1.00),
(21, '21', 1, 2, 1, 0, 1.00),
(22, '22', 1, 2, 0, 0, 1.00),
(23, '23', 1, 2, 0, 0, 1.00),
(24, '24', 1, 2, 1, 0, 1.00),
(25, '25', 1, 2, 1, 0, 1.00),
(26, '26', 1, 2, 1, 0, 1.00),
(27, '27', 1, 1, 1, 0, 1.00),
(28, '28', 1, 1, 1, 0, 1.00),
(29, '29', 1, 2, 0, 0, 1.00),
(30, '31', 1, 2, 1, 0, 1.00),
(31, '32', 1, 2, 1, 0, 1.00),
(32, '33', 1, 2, 1, 0, 1.00),
(33, '34', 1, 2, 1, 0, 1.00),
(34, '35', 1, 1, 1, 0, 1.00),
(35, '36', 1, 1, 1, 0, 1.00),
(36, '37', 1, 1, 1, 0, 1.00),
(37, '38', 1, 2, 1, 0, 1.00),
(38, '39', 1, 1, 1, 0, 1.00),
(39, '40', 1, 2, 1, 0, 1.00),
(40, '41', 1, 1, 0, 0, 1.00),
(41, '42', 1, 1, 1, 0, 1.00),
(42, '43', 4, 2, 1, 0, 1.00),
(43, '44', 1, 2, 1, 0, 1.00),
(44, '45', 1, 1, 1, 0, 1.00),
(45, '46', 1, 2, 1, 0, 1.00),
(46, '47', 1, 2, 1, 0, 1.00),
(47, '48', 4, 2, 1, 0, 1.00),
(48, '49', 1, 1, 1, 0, 1.00),
(49, '50', 1, 2, 1, 0, 1.00),
(50, '51', 1, 2, 1, 0, 1.00),
(51, '52', 1, 1, 1, 0, 1.00),
(52, '53', 3, 2, 1, 0, 1.00),
(53, '54', 4, 2, 1, 0, 1.00),
(54, '55', 1, 5, 1, 0, 1.00),
(55, '56', 2, 1, 1, 1, 1.10),
(56, '57', 3, 2, 1, 0, 1.00),
(57, '58', 1, 1, 1, 0, 1.00),
(58, '59', 1, 2, 1, 0, 1.00),
(59, '60', 1, 1, 1, 0, 1.00),
(60, '61', 1, 5, 1, 0, 1.00),
(61, '62', 1, 2, 1, 0, 1.00),
(62, '63', 1, 1, 1, 0, 1.00),
(63, '64', 1, 1, 0, 0, 1.00),
(64, '65', 2, 1, 1, 1, 1.20),
(65, '66', 1, 4, 1, 0, 1.00),
(66, '67', 1, 2, 1, 0, 1.00),
(67, '68', 1, 2, 1, 0, 1.00),
(68, '69', 1, 5, 1, 0, 1.00),
(69, '70', 1, 5, 0, 0, 1.00),
(70, '71', 1, 5, 0, 0, 1.00),
(71, '72', 1, 1, 1, 0, 1.00),
(72, '73', 1, 5, 1, 0, 1.00),
(73, '74', 1, 1, 1, 0, 1.00),
(74, '75', 1, 1, 1, 0, 1.00),
(75, '76', 1, 5, 1, 0, 1.00),
(76, '77', 1, 1, 1, 0, 1.00),
(77, '78', 1, 4, 0, 0, 1.00),
(78, '79', 1, 4, 1, 0, 1.00),
(79, '80', 1, 4, 0, 0, 1.00),
(80, '81', 1, 4, 1, 0, 1.00),
(81, '82', 1, 5, 0, 0, 1.00),
(82, '83', 1, 4, 0, 0, 1.00),
(83, '84', 1, 5, 1, 0, 1.00),
(84, '85', 1, 4, 0, 0, 1.00),
(85, '86', 4, 2, 1, 0, 1.00),
(86, '87', 1, 5, 0, 0, 1.00),
(87, '88', 1, 4, 0, 0, 1.00),
(88, '89', 1, 4, 0, 0, 1.00),
(89, '90', 1, 4, 0, 0, 1.00),
(90, '91', 1, 4, 0, 0, 1.00),
(91, '92', 1, 4, 1, 0, 1.00),
(92, '93', 1, 4, 1, 0, 1.00),
(93, '94', 1, 1, 1, 0, 1.00),
(94, '95', 1, 4, 1, 0, 1.00),
(95, '96', 1, 5, 0, 0, 1.00),
(96, '97', 4, 2, 0, 0, 1.00),
(97, '98', 4, 2, 0, 0, 1.00),
(98, '99', 2, 1, 1, 1, 1.10),
(99, '100', 1, 2, 1, 0, 1.00),
(100, '101', 1, 4, 1, 0, 1.00),
(101, '102', 1, 5, 0, 0, 1.00),
(102, '103', 1, 4, 1, 0, 1.00),
(103, '104', 1, 4, 1, 0, 1.00),
(104, '105', 1, 4, 1, 0, 1.00),
(105, '106', 1, 1, 1, 0, 1.00),
(106, '107', 3, 2, 1, 0, 1.00),
(107, '108', 1, 3, 0, 0, 1.00),
(108, '109', 1, 4, 1, 0, 1.00),
(109, '110', 1, 5, 0, 0, 1.00),
(110, '111', 1, 2, 1, 0, 1.00),
(111, '112', 4, 2, 0, 0, 1.00),
(112, '113', 2, 3, 0, 0, 1.00),
(113, '114', 4, 2, 1, 0, 1.00),
(114, '115', 4, 2, 1, 0, 1.00),
(115, '116', 4, 2, 0, 0, 1.00),
(116, '117', 1, 4, 0, 0, 1.00),
(117, '118', 1, 2, 0, 0, 1.00),
(118, '119', 1, 4, 0, 0, 1.00),
(119, '120', 3, 2, 1, 0, 1.00),
(120, '121', 1, 3, 0, 0, 1.00),
(121, '122', 1, 1, 1, 0, 1.00),
(122, '123', 2, 5, 0, 0, 1.00),
(123, '124', 1, 4, 0, 0, 1.00),
(124, '125', 1, 4, 1, 0, 1.00),
(125, '126', 1, 4, 1, 0, 1.00),
(126, '127', 2, 3, 0, 0, 1.00),
(127, '128', 2, 3, 1, 0, 1.00),
(128, '129', 1, 4, 0, 0, 1.00),
(129, '130', 1, 3, 0, 0, 1.00),
(130, '131', 1, 4, 0, 0, 1.00),
(131, '132', 1, 4, 1, 0, 1.00),
(132, '133', 1, 2, 0, 0, 1.00),
(133, '134', 1, 5, 0, 0, 1.00),
(134, '135', 1, 2, 0, 0, 1.00),
(135, '136', 1, 1, 0, 0, 1.00),
(136, '137', 1, 3, 1, 0, 1.00),
(137, '138', 1, 4, 1, 0, 1.00),
(138, '139', 1, 5, 0, 0, 1.00),
(139, '140', 1, 4, 1, 0, 1.00),
(140, '141', 3, 2, 1, 0, 1.00),
(141, '142', 1, 4, 1, 0, 1.00),
(142, '143', 1, 4, 0, 0, 1.00),
(143, '144', 1, 4, 0, 0, 1.00),
(144, '145', 1, 3, 1, 0, 1.00),
(145, '146', 1, 5, 1, 0, 1.00),
(146, '147', 1, 5, 1, 0, 1.00),
(147, '148', 1, 2, 0, 0, 1.00),
(148, '149', 1, 3, 0, 0, 1.00),
(149, '150', 1, 6, 1, 0, 1.00),
(150, '151', 1, 4, 0, 0, 1.00),
(151, '152', 1, 3, 0, 0, 1.00),
(152, '153', 2, 3, 0, 0, 1.00),
(153, '154', 2, 4, 1, 0, 1.00),
(154, '155', 3, 2, 0, 0, 1.00),
(155, '156', 2, 5, 0, 0, 1.00),
(156, '157', 4, 2, 1, 0, 1.00),
(157, '158', 1, 1, 1, 0, 1.00),
(158, '159', 2, 1, 1, 1, 1.10),
(159, '160', 1, 3, 0, 0, 1.00),
(160, '161', 1, 2, 1, 0, 1.00),
(161, '162', 1, 5, 1, 0, 1.00),
(162, '163', 1, 4, 0, 0, 1.00),
(163, '164', 1, 4, 0, 0, 1.00),
(164, '165', 1, 4, 0, 0, 1.00),
(165, '166', 1, 4, 0, 0, 1.00),
(166, '167', 2, 4, 1, 0, 1.00),
(167, '168', 1, 4, 0, 0, 1.00),
(168, '169', 4, 2, 0, 0, 1.00),
(169, '170', 1, 1, 0, 0, 1.00),
(170, '171', 1, 4, 0, 0, 1.00),
(171, '172', 1, 4, 1, 0, 1.00),
(172, '173', 1, 5, 1, 0, 1.00),
(173, '174', 1, 4, 1, 0, 1.00),
(174, '175', 1, 4, 1, 1, 1.10),
(175, '176', 1, 4, 1, 0, 1.00),
(176, '177', 1, 4, 0, 0, 1.00),
(177, '178', 1, 2, 1, 0, 1.00),
(178, '179', 4, 1, 0, 0, 1.00),
(179, '180', 1, 2, 1, 0, 1.00),
(180, '181', 1, 3, 1, 0, 1.00),
(181, '182', 1, 3, 0, 0, 1.00),
(182, '183', 1, 1, 1, 0, 1.00),
(183, '184', 3, 2, 1, 1, 1.20),
(184, '185', 1, 5, 1, 0, 1.00),
(185, '186', 1, 3, 1, 0, 1.00),
(186, '187', 3, 2, 1, 1, 1.20),
(187, '188', 1, 5, 1, 0, 1.00),
(188, '189', 1, 4, 0, 0, 1.00),
(189, '190', 1, 5, 1, 0, 1.00),
(190, '191', 1, 5, 0, 0, 1.00),
(191, '192', 2, 5, 0, 0, 1.00),
(192, '193', 1, 1, 1, 0, 1.00),
(193, '194', 1, 2, 0, 0, 1.00),
(194, '195', 1, 4, 0, 0, 1.00),
(195, '196', 1, 6, 0, 0, 1.00),
(196, '197', 1, 4, 0, 0, 1.00),
(197, '198', 1, 6, 0, 0, 1.00),
(198, '199', 1, 4, 0, 0, 1.00),
(199, '200', 4, 2, 1, 0, 1.00),
(200, '201', 1, 4, 1, 0, 1.00),
(201, '202', 1, 5, 0, 0, 1.00),
(202, '203', 1, 5, 0, 0, 1.00),
(203, '204', 1, 1, 0, 0, 1.00),
(204, '205', 1, 1, 1, 0, 1.00),
(205, '206', 1, 2, 0, 0, 1.00),
(206, '207', 1, 2, 0, 0, 1.00),
(207, '208', 4, 1, 0, 0, 1.00),
(208, '209', 1, 2, 1, 0, 1.00),
(209, '210', 1, 2, 0, 0, 1.00),
(210, '211', 1, 5, 1, 0, 1.00),
(211, '212', 4, 1, 0, 0, 1.00),
(212, '213', 4, 2, 0, 0, 1.00),
(213, '214', 1, 2, 1, 0, 1.00),
(214, '215', 1, 5, 0, 0, 1.00),
(215, '216', 1, 5, 0, 0, 1.00),
(216, '217', 1, 4, 0, 0, 1.00),
(217, '218', 4, 2, 1, 0, 1.00),
(218, '219', 3, 2, 1, 1, 1.20),
(219, '220', 1, 2, 0, 0, 1.00),
(220, '221', 1, 2, 0, 0, 1.00),
(221, '222', 6, 2, 1, 0, 1.00),
(222, '223', 1, 1, 0, 0, 1.00),
(223, '224', 1, 2, 0, 0, 1.00),
(224, '225', 4, 2, 1, 0, 1.00),
(225, '226', 1, 1, 0, 0, 1.00),
(226, '227', 1, 6, 0, 0, 1.00),
(227, '228', 1, 4, 1, 0, 1.00),
(228, '229', 1, 1, 0, 0, 1.00),
(229, '230', 1, 5, 0, 0, 1.00),
(230, '231', 1, 3, 0, 0, 1.00),
(231, '232', 1, 1, 1, 0, 1.00),
(232, '233', 1, 5, 0, 0, 1.00),
(233, '234', 1, 1, 0, 0, 1.00),
(234, '235', 1, 2, 1, 0, 1.00),
(235, '236', 1, 3, 0, 0, 1.00),
(236, '237', 1, 4, 0, 0, 1.00),
(237, '238', 1, 3, 0, 0, 1.00),
(238, '239', 2, 3, 0, 0, 1.00),
(239, '240', 1, 6, 0, 0, 1.00),
(240, '241', 2, 4, 1, 0, 1.00),
(241, '242', 1, 6, 0, 0, 1.00),
(242, '243', 1, 5, 0, 0, 1.00),
(243, '244', 1, 1, 0, 0, 1.00),
(244, '245', 1, 2, 0, 0, 1.00),
(245, '246', 1, 1, 0, 0, 1.00),
(246, '247', 1, 1, 0, 0, 1.00),
(247, '248', 1, 1, 0, 0, 1.00),
(248, '249', 1, 2, 1, 0, 1.00),
(249, '250', 1, 2, 0, 0, 1.00),
(250, '251', 1, 2, 0, 0, 1.00),
(251, '252', 1, 4, 0, 0, 1.00),
(252, '253', 1, 5, 0, 0, 1.00),
(253, '254', 3, 2, 0, 0, 1.00),
(254, '255', 2, 3, 0, 0, 1.00),
(255, '256', 1, 5, 1, 0, 1.00),
(256, '257', 6, 2, 1, 0, 1.00),
(257, '258', 1, 2, 1, 0, 1.00),
(258, '259', 1, 4, 0, 0, 1.00),
(259, '260', 3, 2, 0, 0, 1.00),
(260, '261', 1, 4, 0, 0, 1.00),
(261, '262', 4, 2, 0, 0, 1.00),
(262, '263', 1, 2, 1, 0, 1.00),
(263, '264', 1, 6, 1, 0, 1.00),
(264, '265', 1, 1, 1, 0, 1.00),
(265, '267', 1, 3, 0, 0, 1.00),
(266, '268', 1, 3, 0, 0, 1.00),
(267, '269', 1, 5, 0, 0, 1.00),
(268, '270', 1, 5, 1, 0, 1.00),
(269, '271', 1, 2, 0, 0, 1.00),
(270, '272', 1, 5, 1, 0, 1.00),
(271, '273', 1, 4, 1, 0, 1.00),
(272, '274', 1, 2, 1, 0, 1.00),
(273, '275', 1, 6, 0, 0, 1.00),
(274, '276', 1, 1, 1, 0, 1.00),
(275, '277', 1, 2, 0, 0, 1.00),
(276, '278', 2, 5, 0, 0, 1.00),
(277, '279', 1, 6, 0, 0, 1.00),
(278, '280', 1, 2, 0, 0, 1.00),
(279, '281', 1, 6, 0, 0, 1.00),
(280, '282', 1, 5, 1, 0, 1.00),
(281, '283', 1, 1, 1, 0, 1.00),
(282, '284', 1, 3, 0, 0, 1.00),
(283, '285', 2, 3, 0, 0, 1.00),
(284, '286', 1, 4, 0, 0, 1.00),
(285, '287', 1, 5, 0, 0, 1.00),
(286, '288', 1, 2, 1, 0, 1.00),
(287, '289', 1, 1, 0, 0, 1.00),
(288, '290', 1, 1, 0, 0, 1.00),
(289, '291', 1, 1, 0, 0, 1.00),
(290, '292', 1, 6, 1, 0, 1.00),
(291, '293', 1, 4, 1, 0, 1.00),
(292, '294', 4, 1, 1, 0, 1.00),
(293, '295', 1, 1, 1, 0, 1.00),
(294, '296', 1, 1, 0, 0, 1.00),
(295, '297', 1, 3, 0, 0, 1.00),
(296, '298', 1, 5, 0, 0, 1.00),
(297, '299', 1, 5, 1, 0, 1.00),
(298, '300', 1, 4, 0, 0, 1.00),
(299, '301', 3, 2, 0, 0, 1.00),
(300, '302', 4, 1, 1, 0, 1.00),
(301, '303', 2, 4, 1, 0, 1.00),
(302, '304', 1, 1, 1, 0, 1.00),
(303, '305', 1, 2, 0, 0, 1.00),
(304, '306', 1, 2, 0, 0, 1.00),
(305, '307', 1, 5, 0, 0, 1.00),
(306, '308', 3, 2, 1, 0, 1.00),
(307, '309', 4, 2, 1, 0, 1.00),
(308, '310', 1, 1, 1, 0, 1.00),
(309, '311', 1, 3, 1, 0, 1.00),
(310, '312', 1, 6, 0, 0, 1.00),
(311, '313', 3, 2, 0, 0, 1.00),
(312, '314', 1, 5, 1, 0, 1.00),
(313, '315', 1, 3, 0, 0, 1.00),
(314, '316', 2, 4, 1, 0, 1.00),
(315, '317', 1, 5, 0, 0, 1.00),
(316, '318', 1, 6, 0, 0, 1.00),
(317, '319', 1, 4, 1, 0, 1.00),
(318, '320', 1, 6, 0, 0, 1.00),
(319, '321', 3, 2, 1, 0, 1.00),
(320, '322', 1, 4, 0, 0, 1.00),
(321, '323', 1, 1, 1, 0, 1.00),
(322, '324', 2, 5, 0, 0, 1.00),
(323, '325', 1, 4, 0, 0, 1.00),
(324, '326', 1, 6, 0, 0, 1.00),
(325, '327', 1, 6, 0, 0, 1.00),
(326, '328', 1, 5, 1, 0, 1.00),
(327, '329', 1, 6, 0, 0, 1.00),
(328, '330', 2, 4, 1, 0, 1.00),
(329, '331', 2, 1, 1, 1, 1.20),
(330, '332', 1, 6, 0, 0, 1.00),
(331, '333', 1, 6, 0, 0, 1.00),
(332, '334', 1, 5, 1, 0, 1.00),
(333, '335', 1, 3, 1, 0, 1.00),
(334, '336', 1, 3, 0, 0, 1.00),
(335, '337', 4, 1, 1, 0, 1.00),
(336, '338', 1, 6, 0, 0, 1.00),
(337, '340', 4, 1, 1, 0, 1.00),
(338, '341', 3, 2, 0, 0, 1.00),
(339, '342', 1, 5, 0, 0, 1.00),
(340, '343', 1, 5, 1, 0, 1.00),
(341, '344', 1, 2, 1, 0, 1.00),
(342, '346', 1, 4, 0, 0, 1.00),
(343, '348', 2, 3, 0, 0, 1.00),
(344, '349', 1, 6, 0, 0, 1.00),
(345, '350', 2, 6, 0, 1, 1.10),
(346, '351', 1, 3, 0, 0, 1.00),
(347, '352', 2, 5, 0, 0, 1.00),
(348, '354', 1, 4, 0, 0, 1.00),
(349, '355', 1, 5, 0, 0, 1.00),
(350, '356', 2, 3, 0, 0, 1.00),
(351, '357', 1, 1, 1, 0, 1.00),
(352, '359', 1, 6, 0, 0, 1.00),
(353, '360', 2, 5, 0, 0, 1.00),
(354, '361', 1, 4, 0, 0, 1.00),
(355, '362', 1, 4, 1, 0, 1.00),
(356, '363', 1, 5, 1, 0, 1.00),
(357, '364', 3, 2, 0, 0, 1.00),
(358, '365', 1, 1, 1, 0, 1.00),
(359, '366', 3, 2, 0, 1, 1.10),
(360, '367', 1, 6, 0, 0, 1.00),
(361, '368', 1, 5, 0, 0, 1.00),
(362, '369', 2, 4, 0, 0, 1.00),
(363, '370', 2, 4, 0, 0, 1.00),
(364, '371', 1, 3, 0, 0, 1.00),
(365, '373', 1, 5, 0, 0, 1.00),
(366, '374', 1, 4, 0, 0, 1.00),
(367, '375', 4, 2, 0, 0, 1.00),
(368, '376', 1, 5, 1, 0, 1.00),
(369, '377', 1, 6, 0, 0, 1.00),
(370, '378', 1, 1, 0, 0, 1.00),
(371, '379', 1, 3, 0, 0, 1.00),
(372, '380', 1, 4, 1, 0, 1.00),
(373, '381', 1, 5, 0, 0, 1.00),
(374, '382', 1, 5, 0, 0, 1.00),
(375, '383', 1, 6, 0, 0, 1.00),
(376, '384', 4, 1, 1, 0, 1.00),
(377, '385', 1, 1, 1, 0, 1.00),
(378, '386', 1, 5, 0, 0, 1.00),
(379, '387', 2, 5, 0, 0, 1.00),
(380, '388', 1, 5, 1, 0, 1.00),
(381, '389', 1, 5, 1, 0, 1.00),
(382, '390', 1, 5, 1, 0, 1.00),
(383, '391', 2, 5, 0, 0, 1.00),
(384, '392', 1, 6, 0, 0, 1.00),
(385, '393', 2, 4, 1, 0, 1.00),
(386, '394', 2, 4, 1, 0, 1.00),
(387, '395', 2, 5, 0, 0, 1.00),
(388, '396', 2, 3, 0, 0, 1.00),
(389, '397', 1, 4, 0, 0, 1.00),
(390, '398', 1, 3, 0, 0, 1.00),
(391, '399', 3, 2, 1, 0, 1.00),
(392, '400', 3, 2, 0, 0, 1.00),
(393, '401', 4, 1, 1, 0, 1.00),
(394, '402', 4, 2, 0, 0, 1.00),
(395, '403', 3, 6, 0, 0, 1.00),
(396, '404', 1, 4, 0, 0, 1.00),
(397, '405', 4, 1, 1, 0, 1.00),
(398, '406', 2, 3, 0, 0, 1.00),
(399, '408', 1, 2, 1, 0, 1.00),
(400, '409', 1, 1, 1, 0, 1.00),
(401, '410', 1, 1, 1, 0, 1.00),
(402, '411', 3, 2, 1, 0, 1.00),
(403, '412', 1, 1, 1, 0, 1.00),
(404, '413', 4, 1, 1, 0, 1.00),
(405, '414', 4, 1, 0, 0, 1.00),
(406, '415', 2, 3, 0, 0, 1.00),
(407, '416', 1, 2, 0, 0, 1.00),
(408, '417', 3, 2, 0, 0, 1.00),
(409, '418', 1, 5, 1, 0, 1.00),
(410, '419', 1, 4, 0, 0, 1.00),
(411, '420', 1, 5, 0, 0, 1.00),
(412, '421', 2, 5, 0, 0, 1.00),
(413, '422', 2, 5, 0, 0, 1.00),
(414, '423', 1, 1, 0, 0, 1.00),
(415, '424', 1, 1, 1, 0, 1.00),
(416, '425', 1, 5, 0, 0, 1.00),
(417, '426', 1, 5, 1, 0, 1.00),
(418, '427', 1, 1, 0, 0, 1.00),
(419, '428', 1, 1, 1, 0, 1.00),
(420, '429', 2, 1, 0, 1, 1.10),
(421, '430', 2, 1, 1, 1, 1.20),
(422, '431', 1, 6, 1, 0, 1.00),
(423, '432', 3, 2, 1, 0, 1.00),
(424, '433', 1, 2, 1, 0, 1.00),
(425, '434', 2, 5, 0, 0, 1.00),
(426, '435', 4, 2, 1, 0, 1.00),
(427, '436', 2, 1, 1, 1, 1.20),
(428, '438', 1, 4, 1, 0, 1.00),
(429, '439', 2, 3, 0, 0, 1.00),
(430, '440', 1, 1, 1, 0, 1.00),
(431, '441', 1, 1, 1, 0, 1.00),
(432, '442', 1, 5, 0, 0, 1.00),
(433, '443', 2, 6, 0, 0, 1.00),
(434, '444', 1, 6, 0, 0, 1.00),
(435, '445', 4, 2, 1, 0, 1.00),
(436, '446', 3, 2, 1, 0, 1.00),
(437, '447', 2, 3, 0, 0, 1.00),
(438, '448', 2, 3, 0, 0, 1.00),
(439, '449', 2, 4, 1, 0, 1.00),
(440, '450', 2, 5, 0, 0, 1.00),
(441, '451', 2, 4, 1, 0, 1.00),
(442, '452', 1, 5, 0, 0, 1.00),
(443, '453', 1, 4, 0, 0, 1.00),
(444, '454', 1, 5, 0, 0, 1.00),
(445, '455', 1, 3, 1, 0, 1.00),
(446, '456', 2, 3, 0, 0, 1.00),
(447, '457', 3, 2, 0, 0, 1.00),
(448, '458', 1, 1, 0, 0, 1.00),
(449, '459', 1, 1, 0, 0, 1.00),
(450, '460', 3, 6, 0, 0, 1.00),
(451, '461', 1, 5, 1, 0, 1.00),
(452, '462', 1, 1, 0, 0, 1.00),
(453, '463', 2, 3, 0, 0, 1.00),
(454, '464', 2, 3, 0, 0, 1.00),
(455, '465', 2, 3, 0, 0, 1.00),
(456, '466', 2, 4, 0, 0, 1.00),
(457, '467', 4, 1, 0, 0, 1.00),
(458, '468', 1, 1, 0, 0, 1.00),
(459, '469', 1, 3, 0, 0, 1.00),
(460, '470', 1, 2, 0, 0, 1.00),
(461, '471', 1, 4, 0, 0, 1.00),
(462, '472', 1, 4, 0, 0, 1.00),
(463, '473', 1, 5, 1, 0, 1.00),
(464, '474', 1, 5, 1, 0, 1.00),
(465, '475', 1, 5, 1, 0, 1.00),
(466, '476', 1, 5, 0, 0, 1.00),
(467, '477', 1, 1, 1, 0, 1.00),
(468, '478', 1, 1, 1, 0, 1.00),
(469, '479', 4, 1, 1, 0, 1.00),
(470, '480', 1, 1, 1, 0, 1.00),
(471, '481', 1, 1, 1, 0, 1.00),
(472, '482', 3, 2, 0, 0, 1.00),
(473, '483', 4, 2, 0, 0, 1.00),
(474, '484', 4, 2, 1, 0, 1.00),
(475, '485', 2, 1, 1, 1, 1.10),
(476, '486', 4, 2, 0, 0, 1.00),
(477, '487', 1, 1, 1, 0, 1.00),
(478, '488', 4, 2, 0, 0, 1.00),
(479, '489', 1, 6, 1, 0, 1.00),
(480, '490', 1, 6, 1, 0, 1.00),
(481, '491', 1, 4, 0, 0, 1.00),
(482, '492', 1, 4, 0, 0, 1.00),
(483, '493', 1, 3, 0, 0, 1.00),
(484, '494', 1, 4, 0, 0, 1.00),
(485, '495', 1, 5, 1, 0, 1.00),
(486, '496', 1, 5, 0, 0, 1.00),
(487, '497', 2, 5, 1, 0, 1.00),
(488, '498', 2, 5, 0, 0, 1.00),
(489, '499', 1, 5, 1, 0, 1.00),
(491, '500', 1, 5, 1, 0, 1.00),
(492, '501', 1, 5, 1, 0, 1.00),
(493, '502', 4, 1, 1, 0, 1.00),
(494, '503', 4, 2, 1, 0, 1.00),
(495, '504', 4, 2, 1, 0, 1.00),
(496, '505', 1, 6, 0, 0, 1.00),
(497, '506', 1, 2, 1, 0, 1.00),
(498, '507', 1, 1, 1, 0, 1.00),
(499, '508', 4, 2, 1, 0, 1.00),
(500, '509', 4, 1, 1, 0, 1.00),
(501, '510', 4, 2, 0, 0, 1.00),
(502, '511', 1, 6, 0, 0, 1.00),
(503, '512', 1, 6, 0, 0, 1.00),
(504, '513', 1, 4, 0, 0, 1.00),
(505, '514', 1, 4, 1, 1, 1.20),
(506, '515', 1, 6, 0, 0, 1.00),
(507, '516', 3, 2, 0, 0, 1.00),
(508, '518', 1, 3, 0, 0, 1.00),
(509, '519', 1, 1, 0, 0, 1.00),
(510, '520', 4, 1, 1, 0, 1.00),
(511, '521', 1, 1, 1, 0, 1.00),
(512, '522', 1, 5, 0, 0, 1.00),
(513, '523', 1, 5, 0, 0, 1.00),
(514, '525', 1, 6, 0, 0, 1.00),
(515, '526', 1, 1, 1, 0, 1.00),
(516, '527', 1, 6, 0, 0, 1.00),
(517, '528', 1, 4, 1, 0, 1.00),
(518, '529', 3, 6, 0, 0, 1.00),
(519, '530', 1, 5, 0, 0, 1.00),
(520, '531', 1, 4, 0, 0, 1.00),
(521, '532', 6, 2, 1, 0, 1.00),
(522, '533', 2, 3, 0, 0, 1.00),
(523, '534', 4, 2, 1, 0, 1.00),
(524, '535', 1, 1, 1, 0, 1.00),
(525, '536', 2, 5, 0, 0, 1.00),
(526, '537', 1, 4, 0, 0, 1.00),
(527, '538', 1, 5, 1, 0, 1.00),
(528, '539', 1, 6, 0, 0, 1.00),
(529, '540', 2, 6, 0, 0, 1.00),
(530, '541', 1, 4, 1, 1, 1.20),
(531, '542', 1, 5, 0, 0, 1.00),
(532, '543', 1, 1, 1, 0, 1.00),
(533, '544', 1, 4, 0, 0, 1.00),
(534, '545', 1, 6, 0, 0, 1.00),
(535, '546', 1, 6, 0, 0, 1.00),
(536, '547', 1, 6, 0, 0, 1.00),
(537, '548', 1, 6, 0, 0, 1.00),
(538, '549', 1, 1, 0, 0, 1.00),
(539, '551', 1, 1, 0, 0, 1.00),
(540, '553', 1, 3, 0, 0, 1.00),
(541, '554', 4, 1, 0, 0, 1.00),
(542, '555', 1, 2, 0, 0, 1.00),
(543, '556', 1, 2, 1, 0, 1.00),
(544, '557', 1, 1, 0, 0, 1.00),
(545, '558', 1, 6, 0, 0, 1.00),
(546, '559', 1, 5, 1, 0, 1.00),
(547, '560', 2, 1, 1, 1, 1.10),
(548, '561', 1, 1, 1, 0, 1.00),
(549, '562', 1, 5, 0, 0, 1.00),
(550, '563', 2, 1, 1, 1, 1.10),
(551, '564', 2, 1, 1, 1, 1.10),
(552, '565', 1, 1, 1, 0, 1.00),
(553, '566', 1, 6, 0, 0, 1.00),
(554, '567', 4, 1, 1, 0, 1.00),
(555, '568', 1, 6, 1, 0, 1.00),
(556, '569', 1, 6, 0, 0, 1.00),
(557, '570', 3, 2, 1, 0, 1.00),
(558, '571', 1, 1, 0, 0, 1.00),
(559, '572', 1, 2, 1, 0, 1.00),
(560, '573', 1, 1, 1, 0, 1.00),
(561, '574', 2, 3, 0, 0, 1.00),
(562, '575', 3, 2, 0, 0, 1.00),
(563, '576', 1, 6, 1, 0, 1.00),
(564, '577', 1, 1, 1, 0, 1.00),
(565, '578', 1, 1, 1, 0, 1.00),
(566, '579', 2, 5, 1, 0, 1.00),
(567, '580', 2, 5, 0, 0, 1.00),
(568, '581', 1, 6, 0, 0, 1.00),
(569, '582', 1, 6, 1, 0, 1.00),
(570, '583', 1, 1, 0, 0, 1.00),
(571, '584', 4, 1, 0, 0, 1.00),
(572, '585', 2, 1, 1, 1, 1.10),
(573, '586', 1, 5, 1, 0, 1.00),
(574, '587', 2, 3, 1, 0, 1.00),
(575, '588', 3, 2, 0, 0, 1.00),
(576, '589', 4, 2, 0, 0, 1.00),
(577, '590', 1, 5, 0, 0, 1.00),
(578, '591', 4, 2, 0, 0, 1.00),
(579, '592', 1, 1, 1, 0, 1.00),
(580, '593', 1, 1, 0, 0, 1.00),
(581, '594', 1, 1, 1, 0, 1.00),
(582, '595', 3, 2, 0, 0, 1.00),
(583, '596', 4, 2, 1, 0, 1.00),
(584, '597', 1, 5, 0, 0, 1.00),
(585, '598', 1, 1, 1, 0, 1.00),
(586, '599', 1, 3, 0, 0, 1.00),
(587, '600', 1, 4, 1, 0, 1.00),
(588, '601', 1, 4, 0, 0, 1.00),
(589, '602', 2, 4, 0, 0, 1.00),
(590, '603', 1, 1, 1, 0, 1.00),
(591, '604', 1, 1, 0, 0, 1.00),
(592, '605', 2, 1, 1, 1, 1.10),
(593, '606', 3, 2, 0, 0, 1.00),
(594, '607', 1, 1, 0, 0, 1.00),
(595, '608', 2, 1, 1, 0, 1.00),
(596, '609', 2, 5, 0, 0, 1.00),
(597, '610', 1, 5, 0, 0, 1.00),
(598, '611', 1, 4, 0, 0, 1.00),
(599, '612', 1, 4, 0, 0, 1.00),
(600, '613', 1, 4, 1, 0, 1.00),
(601, '614', 1, 4, 0, 0, 1.00),
(602, '615', 1, 4, 0, 0, 1.00),
(603, '616', 1, 6, 0, 0, 1.00),
(604, '617', 1, 6, 0, 0, 1.00),
(605, '618', 1, 6, 1, 0, 1.00),
(606, '619', 4, 2, 0, 0, 1.00),
(607, '620', 3, 2, 0, 0, 1.00),
(608, '621', 1, 2, 1, 0, 1.00),
(609, '622', 2, 1, 1, 1, 1.10),
(610, '623', 2, 1, 1, 1, 1.10),
(611, '624', 4, 2, 1, 0, 1.00),
(612, '625', 2, 1, 1, 1, 1.20),
(613, '626', 1, 1, 0, 0, 1.00),
(614, '627', 1, 1, 1, 0, 1.00),
(615, '628', 1, 1, 0, 0, 1.00),
(616, '629', 1, 1, 1, 0, 1.00),
(617, '630', 2, 3, 0, 0, 1.00),
(618, '631', 2, 3, 0, 0, 1.00),
(619, '632', 1, 4, 0, 0, 1.00),
(620, '633', 1, 4, 1, 0, 1.00),
(621, '634', 2, 4, 1, 0, 1.00),
(622, '635', 1, 4, 0, 0, 1.00),
(623, '636', 2, 4, 1, 1, 1.10),
(624, '637', 2, 3, 1, 0, 1.00),
(625, '638', 1, 5, 0, 0, 1.00),
(626, '639', 1, 5, 0, 0, 1.00),
(628, '640', 1, 5, 1, 0, 1.00),
(629, '641', 2, 5, 0, 0, 1.00),
(630, '643', 1, 6, 0, 0, 1.00),
(631, '644', 2, 3, 0, 0, 1.00),
(632, '645', 2, 3, 0, 0, 1.00),
(633, '646', 1, 4, 1, 1, 1.10),
(634, '647', 4, 2, 1, 0, 1.00),
(635, '648', 1, 1, 1, 0, 1.00),
(636, '649', 1, 4, 0, 0, 1.00),
(637, '650', 3, 2, 0, 0, 1.00),
(638, '651', 1, 1, 0, 0, 1.00),
(639, '652', 1, 3, 0, 0, 1.00),
(640, '653', 2, 5, 0, 0, 1.00),
(641, '654', 1, 3, 1, 0, 1.00),
(642, '655', 2, 3, 1, 0, 1.00),
(643, '656', 1, 4, 0, 0, 1.00),
(644, '657', 1, 3, 0, 0, 1.00),
(645, '658', 1, 5, 0, 0, 1.00),
(646, '659', 1, 1, 0, 0, 1.00),
(647, '660', 1, 4, 1, 0, 1.00),
(648, '661', 1, 2, 0, 0, 1.00),
(649, '662', 1, 2, 1, 0, 1.00),
(650, '663', 1, 2, 0, 0, 1.00),
(651, '664', 1, 6, 0, 0, 1.00),
(652, '665', 1, 6, 0, 0, 1.00),
(653, '666', 1, 5, 0, 0, 1.00),
(654, '667', 1, 5, 0, 0, 1.00),
(655, '668', 1, 5, 0, 0, 1.00),
(656, '669', 1, 5, 1, 0, 1.00),
(657, '670', 1, 2, 1, 0, 1.00),
(658, '671', 1, 1, 0, 0, 1.00),
(659, '672', 1, 3, 0, 0, 1.00),
(660, '673', 4, 2, 1, 0, 1.00),
(661, '674', 1, 2, 1, 0, 1.00),
(662, '675', 4, 1, 0, 0, 1.00),
(663, '676', 1, 4, 0, 0, 1.00),
(664, '677', 2, 3, 0, 0, 1.00),
(665, '678', 1, 5, 0, 0, 1.00),
(666, '679', 1, 4, 0, 0, 1.00),
(667, '680', 4, 1, 0, 0, 1.00),
(668, '681', 1, 1, 0, 0, 1.00),
(670, '682', 2, 3, 0, 0, 1.00),
(671, '683', 4, 2, 0, 0, 1.00),
(672, '684', 1, 6, 0, 0, 1.00),
(673, '685', 1, 2, 1, 0, 1.00),
(674, '686', 4, 1, 0, 0, 1.00),
(675, '687', 4, 1, 1, 0, 1.00),
(676, '688', 3, 6, 0, 0, 1.00),
(677, '689', 1, 1, 0, 0, 1.00),
(678, '690', 4, 1, 1, 0, 1.00),
(679, '691', 1, 1, 1, 0, 1.00),
(680, '692', 2, 3, 1, 0, 1.00),
(681, '693', 1, 5, 1, 0, 1.00),
(682, '694', 2, 5, 0, 0, 1.00),
(683, '695', 1, 5, 1, 0, 1.00),
(684, '696', 2, 1, 0, 1, 1.20),
(685, '697', 1, 1, 0, 0, 1.00),
(686, '698', 4, 1, 0, 0, 1.00),
(687, '699', 1, 1, 1, 0, 1.00),
(688, '700', 1, 6, 0, 0, 1.00),
(689, '701', 1, 4, 0, 0, 1.00),
(690, '702', 1, 5, 1, 0, 1.00),
(691, '703', 1, 5, 1, 0, 1.00),
(692, '705', 1, 4, 0, 0, 1.00),
(693, '706', 1, 3, 0, 0, 1.00),
(694, '707', 1, 4, 0, 1, 1.10),
(695, '708', 1, 1, 0, 0, 1.00),
(696, '709', 3, 2, 1, 0, 1.00),
(697, '710', 1, 2, 0, 0, 1.00),
(698, '711', 2, 4, 0, 0, 1.00),
(699, '712', 1, 4, 0, 0, 1.00),
(700, '713', 1, 4, 0, 0, 1.00),
(701, '714', 1, 4, 0, 0, 1.00),
(702, '715', 1, 3, 0, 0, 1.00),
(703, '716', 1, 2, 0, 0, 1.00),
(704, '717', 4, 2, 1, 0, 1.00),
(705, '718', 1, 5, 0, 0, 1.00),
(706, '719', 1, 5, 1, 0, 1.00),
(707, '720', 1, 6, 1, 0, 1.00),
(708, '721', 1, 4, 0, 0, 1.00),
(709, '722', 1, 1, 0, 0, 1.00),
(710, '723', 4, 2, 0, 0, 1.00),
(711, '724', 1, 5, 0, 0, 1.00),
(712, '725', 1, 5, 1, 0, 1.00),
(713, '726', 2, 5, 0, 0, 1.00),
(714, '727', 1, 5, 1, 0, 1.00),
(715, '728', 1, 5, 1, 0, 1.00),
(716, '729', 2, 1, 0, 1, 1.10),
(717, '730', 2, 3, 0, 0, 1.00),
(718, '731', 1, 4, 0, 0, 1.00),
(719, '732', 1, 3, 1, 0, 1.00),
(720, '733', 1, 1, 0, 0, 1.00),
(721, '734', 1, 1, 1, 0, 1.00),
(722, '735', 2, 1, 0, 1, 1.20),
(723, '736', 1, 1, 0, 0, 1.00),
(724, '737', 3, 2, 0, 0, 1.00),
(725, '738', 1, 4, 0, 0, 1.00),
(726, '739', 1, 4, 1, 0, 1.00),
(727, '740', 2, 3, 0, 0, 1.00),
(728, '741', 1, 5, 1, 0, 1.00),
(729, '742', 1, 6, 0, 0, 1.00),
(730, '743', 1, 2, 0, 0, 1.00),
(731, '744', 2, 4, 0, 0, 1.00),
(732, '745', 1, 1, 0, 0, 1.00),
(733, '746', 1, 1, 1, 0, 1.00),
(734, '747', 1, 5, 0, 0, 1.00),
(735, '748', 5, 1, 1, 1, 1.20),
(736, '749', 1, 2, 0, 0, 1.00),
(737, '750', 1, 1, 0, 0, 1.00),
(738, '751', 1, 5, 1, 0, 1.00),
(739, '752', 1, 5, 1, 0, 1.00),
(740, '753', 1, 6, 1, 0, 1.00),
(741, '754', 4, 1, 0, 0, 1.00),
(742, '755', 3, 2, 0, 0, 1.00),
(743, '756', 1, 4, 0, 0, 1.00),
(744, '757', 1, 4, 0, 0, 1.00),
(745, '758', 1, 5, 0, 0, 1.00),
(746, '759', 1, 4, 0, 0, 1.00),
(747, '760', 1, 5, 0, 0, 1.00),
(748, '761', 1, 4, 0, 0, 1.00),
(749, '762', 4, 2, 1, 0, 1.00),
(750, '763', 1, 2, 1, 0, 1.00),
(751, '764', 1, 6, 0, 0, 1.00),
(752, '765', 4, 6, 0, 0, 1.00),
(753, '766', 1, 6, 0, 0, 1.00),
(754, '767', 1, 5, 0, 0, 1.00),
(755, '769', 1, 4, 0, 0, 1.00),
(756, '770', 1, 6, 1, 0, 1.00),
(757, '771', 1, 2, 0, 0, 1.00),
(758, '772', 1, 5, 0, 0, 1.00),
(759, '773', 1, 4, 0, 0, 1.00),
(760, '774', 1, 4, 1, 1, 1.10),
(761, '775', 1, 2, 1, 0, 1.00),
(762, '776', 1, 1, 0, 0, 1.00),
(763, '777', 2, 1, 1, 1, 1.10),
(764, '778', 2, 4, 1, 0, 1.00),
(765, '779', 1, 2, 1, 0, 1.00),
(766, '780', 1, 6, 0, 0, 1.00),
(767, '781', 4, 6, 0, 0, 1.00),
(768, '782', 1, 4, 1, 0, 1.00),
(769, '783', 1, 3, 1, 0, 1.00),
(770, '784', 1, 6, 1, 0, 1.00),
(771, '785', 2, 1, 1, 1, 1.10),
(772, '786', 1, 3, 0, 0, 1.00),
(773, '787', 1, 2, 0, 0, 1.00),
(774, '788', 1, 4, 1, 0, 1.00),
(775, '789', 1, 4, 1, 0, 1.00),
(776, '790', 2, 1, 0, 1, 1.10),
(777, '791', 1, 3, 1, 0, 1.00),
(778, '792', 1, 4, 0, 0, 1.00),
(779, '793', 2, 6, 0, 0, 1.00),
(780, '794', 4, 1, 0, 0, 1.00),
(781, '795', 2, 3, 0, 0, 1.00),
(782, '796', 1, 4, 1, 0, 1.00),
(783, '797', 1, 3, 0, 0, 1.00),
(784, '798', 1, 3, 1, 0, 1.00),
(785, '799', 5, 1, 1, 1, 1.10),
(786, '800', 7, 1, 1, 1, 1.10),
(787, '801', 1, 1, 1, 0, 1.00),
(788, '802', 1, 5, 1, 0, 1.00),
(789, '803', 1, 5, 0, 0, 1.00),
(790, '804', 2, 5, 0, 0, 1.00),
(791, '805', 1, 3, 1, 0, 1.00),
(792, '806', 1, 1, 1, 0, 1.00),
(793, '807', 1, 4, 1, 0, 1.00),
(794, '808', 1, 4, 0, 0, 1.00),
(795, '809', 2, 1, 0, 1, 1.10),
(796, '810', 1, 1, 0, 0, 1.00),
(797, '811', 1, 4, 0, 0, 1.00),
(798, '812', 2, 3, 1, 0, 1.00),
(799, '813', 2, 4, 0, 0, 1.00),
(800, '814', 1, 4, 0, 0, 1.00),
(801, '815', 1, 4, 0, 0, 1.00),
(802, '816', 6, 5, 1, 0, 1.00),
(804, '817', 1, 3, 0, 0, 1.00),
(805, '818', 1, 4, 0, 0, 1.00),
(806, '819', 1, 1, 0, 0, 1.00),
(807, '820', 1, 6, 0, 0, 1.00),
(808, '821', 1, 4, 0, 0, 1.00),
(809, '822', 1, 4, 0, 0, 1.00),
(810, '823', 1, 3, 0, 0, 1.00),
(811, '824', 2, 4, 0, 0, 1.00),
(812, '825', 1, 4, 0, 0, 1.00),
(813, '826', 1, 2, 0, 0, 1.00),
(814, '827', 1, 5, 0, 0, 1.00),
(815, '828', 1, 4, 0, 0, 1.00),
(816, '830', 1, 1, 0, 0, 1.00),
(817, '831', 1, 3, 0, 0, 1.00),
(818, '832', 1, 4, 0, 0, 1.00),
(819, '833', 1, 5, 1, 0, 1.00),
(820, '834', 1, 5, 0, 0, 1.00),
(821, '835', 1, 3, 0, 0, 1.00),
(822, '836', 1, 3, 0, 0, 1.00),
(823, '837', 1, 2, 1, 0, 1.00),
(824, '838', 1, 5, 1, 0, 1.00),
(825, '839', 1, 5, 0, 0, 1.00),
(826, '840', 1, 5, 1, 0, 1.00),
(827, '841', 1, 5, 1, 0, 1.00),
(828, '842', 1, 5, 1, 0, 1.00),
(829, '843', 1, 4, 0, 0, 1.00),
(830, '844', 1, 5, 0, 0, 1.00),
(831, '845', 1, 1, 1, 0, 1.00),
(832, '846', 1, 2, 0, 0, 1.00),
(833, '847', 1, 3, 1, 0, 1.00),
(834, '848', 2, 4, 0, 0, 1.00),
(835, '849', 2, 6, 0, 0, 1.00),
(836, '850', 1, 3, 1, 0, 1.00),
(837, '851', 2, 1, 0, 1, 1.10),
(838, '852', 4, 6, 0, 0, 1.00),
(839, '853', 1, 1, 1, 0, 1.00),
(840, '854', 1, 1, 0, 0, 1.00),
(841, '855', 1, 1, 0, 0, 1.00),
(842, '856', 1, 5, 0, 0, 1.00),
(843, '857', 1, 4, 0, 0, 1.00),
(844, '858', 1, 1, 0, 0, 1.00),
(845, '859', 1, 3, 0, 0, 1.00),
(846, '860', 1, 4, 1, 0, 1.00),
(847, '861', 1, 5, 0, 0, 1.00),
(848, '862', 4, 6, 0, 0, 1.00),
(849, '863', 1, 6, 0, 0, 1.00),
(850, '864', 1, 3, 0, 0, 1.00),
(851, '865', 1, 5, 0, 0, 1.00),
(852, '866', 1, 5, 0, 0, 1.00),
(853, '867', 1, 3, 0, 0, 1.00),
(854, '868', 1, 3, 1, 0, 1.00),
(855, '869', 1, 3, 1, 0, 1.00),
(856, '870', 1, 2, 0, 0, 1.00),
(857, '871', 2, 4, 1, 0, 1.00),
(858, '872', 1, 3, 0, 0, 1.00),
(859, '873', 1, 3, 0, 0, 1.00),
(860, '874', 1, 3, 0, 0, 1.00),
(861, '875', 1, 1, 1, 0, 1.00),
(862, '876', 1, 1, 0, 0, 1.00),
(863, '877', 1, 4, 0, 0, 1.00),
(864, '878', 1, 4, 0, 0, 1.00),
(865, '879', 1, 3, 1, 0, 1.00),
(866, '880', 1, 3, 0, 0, 1.00),
(867, '881', 1, 3, 1, 0, 1.00),
(868, '882', 1, 3, 1, 0, 1.00),
(869, '883', 1, 3, 1, 0, 1.00),
(870, '884', 1, 3, 0, 0, 1.00),
(871, '885', 1, 3, 0, 0, 1.00),
(872, '886', 1, 5, 1, 0, 1.00),
(873, '887', 1, 3, 0, 0, 1.00),
(874, '888', 1, 3, 0, 0, 1.00),
(875, '889', 1, 3, 0, 0, 1.00),
(876, '890', 1, 4, 0, 0, 1.00),
(877, '891', 1, 4, 0, 0, 1.00),
(878, '892', 1, 4, 0, 0, 1.00),
(879, '893', 2, 3, 0, 0, 1.00),
(880, '894', 2, 4, 0, 0, 1.00),
(881, '895', 2, 3, 1, 0, 1.00),
(882, '896', 2, 3, 0, 0, 1.00),
(883, '897', 2, 3, 0, 0, 1.00),
(884, '898', 2, 3, 1, 0, 1.00),
(885, '899', 1, 4, 1, 0, 1.00),
(886, '900', 1, 3, 0, 0, 1.00),
(887, '901', 1, 4, 0, 0, 1.00),
(888, '902', 1, 4, 0, 0, 1.00),
(889, '903', 1, 4, 0, 0, 1.00),
(890, '904', 1, 5, 1, 0, 1.00),
(891, '905', 1, 1, 1, 0, 1.00),
(892, '906', 1, 4, 1, 0, 1.00),
(893, '907', 4, 2, 0, 0, 1.00),
(894, '908', 1, 1, 0, 0, 1.00),
(895, '910', 1, 4, 0, 0, 1.00),
(896, '911', 2, 1, 1, 1, 1.20),
(897, '912', 1, 1, 0, 0, 1.00),
(898, '914', 1, 3, 0, 0, 1.00),
(899, '915', 1, 6, 0, 0, 1.00),
(900, '917', 1, 3, 0, 0, 1.00),
(901, '918', 1, 4, 0, 0, 1.00),
(902, '919', 2, 3, 0, 0, 1.00),
(903, '920', 1, 3, 1, 0, 1.00),
(904, '921', 1, 4, 0, 0, 1.00),
(905, '922', 1, 4, 0, 0, 1.00),
(906, '923', 1, 5, 1, 0, 1.00),
(907, '925', 1, 4, 0, 0, 1.00),
(908, '926', 1, 1, 0, 0, 1.00),
(909, '927', 1, 3, 0, 0, 1.00),
(910, '928', 1, 5, 0, 0, 1.00),
(911, '929', 1, 1, 1, 0, 1.00),
(912, '930', 1, 4, 0, 0, 1.00),
(913, '931', 2, 1, 0, 1, 1.10),
(914, '932', 1, 3, 1, 0, 1.00),
(915, '933', 1, 5, 0, 0, 1.00),
(916, '934', 1, 4, 0, 0, 1.00),
(917, '935', 2, 3, 0, 0, 1.00),
(918, '936', 1, 4, 0, 0, 1.00),
(919, '937', 1, 3, 0, 0, 1.00),
(920, '938', 1, 3, 1, 0, 1.00),
(921, '939', 1, 6, 0, 0, 1.00),
(922, '940', 1, 4, 0, 0, 1.00),
(923, '941', 1, 3, 0, 0, 1.00),
(924, '942', 1, 3, 0, 0, 1.00),
(925, '943', 1, 1, 0, 0, 1.00),
(926, '944', 1, 1, 0, 0, 1.00),
(927, '945', 1, 4, 0, 0, 1.00),
(928, '946', 2, 1, 1, 1, 1.10),
(929, '947', 1, 4, 0, 0, 1.00),
(930, '948', 1, 4, 0, 0, 1.00),
(931, '949', 1, 4, 0, 0, 1.00),
(932, '950', 1, 5, 0, 0, 1.00),
(933, '951', 1, 4, 0, 0, 1.00),
(934, '952', 1, 6, 0, 0, 1.00),
(935, '953', 1, 5, 0, 0, 1.00),
(936, '954', 2, 1, 0, 1, 1.10),
(937, '955', 1, 5, 1, 0, 1.00),
(938, '956', 2, 1, 1, 1, 1.10),
(939, '957', 1, 3, 0, 0, 1.00),
(940, '958', 1, 6, 0, 0, 1.00),
(941, '959', 1, 1, 0, 0, 1.00),
(942, '960', 1, 3, 0, 0, 1.00),
(943, '961', 1, 3, 0, 0, 1.00),
(944, '962', 1, 3, 1, 0, 1.00),
(945, '963', 1, 3, 1, 0, 1.00),
(946, '964', 1, 4, 0, 0, 1.00),
(947, '966', 1, 4, 0, 0, 1.00),
(948, '967', 4, 2, 0, 0, 1.00),
(949, '968', 1, 5, 0, 0, 1.00),
(950, '969', 1, 5, 0, 0, 1.00),
(951, '970', 1, 5, 1, 0, 1.00),
(952, '971', 1, 5, 1, 0, 1.00),
(953, '972', 1, 5, 1, 0, 1.00),
(954, '973', 4, 2, 0, 0, 1.00),
(955, '974', 1, 2, 1, 0, 1.00),
(956, '975', 1, 5, 1, 0, 1.00),
(957, '976', 1, 5, 0, 0, 1.00),
(958, '977', 1, 3, 0, 0, 1.00),
(959, '978', 1, 2, 0, 0, 1.00),
(960, '979', 1, 4, 0, 0, 1.00),
(961, '980', 1, 6, 0, 0, 1.00),
(962, '981', 4, 6, 0, 0, 1.00),
(963, '982', 1, 6, 0, 0, 1.00),
(964, '983', 1, 6, 0, 0, 1.00),
(965, '984', 1, 6, 0, 0, 1.00),
(966, '985', 1, 2, 0, 0, 1.00),
(967, '986', 1, 6, 0, 0, 1.00),
(968, '987', 1, 5, 0, 0, 1.00),
(969, '988', 3, 2, 0, 0, 1.00),
(970, '989', 1, 2, 0, 0, 1.00),
(971, '990', 1, 1, 1, 0, 1.00),
(972, '991', 2, 1, 0, 1, 1.10),
(973, '992', 2, 3, 0, 0, 1.00),
(975, '993', 1, 5, 0, 0, 1.00),
(976, '994', 1, 5, 0, 0, 1.00),
(977, '995', 4, 2, 0, 0, 1.00),
(978, '996', 1, 4, 0, 0, 1.00),
(979, '997', 2, 1, 0, 1, 1.10),
(980, '998', 2, 4, 1, 0, 1.00),
(981, '999', 1, 4, 0, 0, 1.00),
(982, '1000', 1, 2, 1, 0, 1.00),
(983, '1001', 1, 4, 0, 0, 1.00),
(984, '1002', 1, 1, 0, 0, 1.00),
(985, '1003', 1, 4, 0, 0, 1.00),
(986, '1004', 1, 3, 0, 0, 1.00),
(987, '1005', 1, 3, 0, 0, 1.00),
(988, '1006', 3, 6, 0, 0, 1.00),
(989, '1007', 4, 6, 0, 0, 1.00),
(990, '1011', 1, 5, 0, 0, 1.00),
(991, '1013', 1, 4, 1, 0, 1.00),
(992, '1014', 1, 5, 1, 0, 1.00),
(993, '1015', 1, 5, 0, 0, 1.00),
(994, '1016', 1, 4, 1, 0, 1.00),
(995, '1017', 1, 5, 0, 0, 1.00),
(996, '1018', 1, 5, 1, 0, 1.00),
(997, '1019', 1, 5, 1, 0, 1.00),
(998, '1020', 1, 5, 0, 0, 1.00),
(999, '1021', 1, 5, 0, 0, 1.00),
(1000, '1022', 1, 5, 0, 0, 1.00),
(1001, '1023', 1, 5, 0, 0, 1.00),
(1002, '1024', 1, 5, 0, 0, 1.00),
(1003, '1026', 1, 3, 0, 0, 1.00),
(1004, '1027', 1, 3, 0, 0, 1.00),
(1005, '1028', 1, 5, 0, 0, 1.00),
(1006, '1029', 1, 5, 1, 0, 1.00),
(1007, '1030', 6, 5, 0, 0, 1.00),
(1009, '1031', 1, 5, 0, 0, 1.00),
(1010, '1032', 1, 5, 0, 0, 1.00),
(1011, '1033', 1, 5, 0, 0, 1.00),
(1012, '1034', 1, 5, 0, 0, 1.00),
(1013, '1035', 1, 5, 0, 0, 1.00),
(1014, '1037', 1, 5, 1, 0, 1.00),
(1015, '1038', 1, 5, 1, 0, 1.00),
(1016, '1039', 1, 1, 0, 0, 1.00),
(1017, '1040', 1, 5, 1, 0, 1.00),
(1018, '1042', 1, 5, 0, 0, 1.00),
(1019, '1043', 1, 5, 1, 0, 1.00),
(1020, '1044', 1, 5, 0, 0, 1.00),
(1021, '1045', 1, 5, 0, 0, 1.00),
(1022, '1046', 1, 5, 0, 0, 1.00),
(1023, '1047', 1, 5, 0, 0, 1.00),
(1024, '1048', 1, 5, 0, 0, 1.00),
(1025, '1049', 1, 1, 1, 0, 1.00),
(1026, '1051', 2, 6, 1, 0, 1.00),
(1027, '1052', 1, 5, 1, 0, 1.00),
(1028, '1053', 1, 5, 0, 0, 1.00),
(1029, '1054', 1, 5, 0, 0, 1.00),
(1030, '1055', 1, 2, 0, 0, 1.00),
(1031, '1056', 1, 5, 1, 0, 1.00),
(1032, '1057', 1, 6, 0, 0, 1.00),
(1033, '1058', 1, 4, 1, 0, 1.00),
(1034, '1059', 1, 5, 0, 0, 1.00),
(1035, '1060', 1, 1, 1, 0, 1.00),
(1036, '1061', 1, 3, 0, 0, 1.00),
(1037, '1062', 1, 5, 1, 0, 1.00),
(1038, '1063', 1, 5, 1, 0, 1.00),
(1039, '1064', 1, 5, 0, 0, 1.00),
(1040, '1065', 1, 5, 1, 0, 1.00),
(1041, '1066', 2, 5, 0, 0, 1.00),
(1042, '1067', 2, 5, 1, 0, 1.00),
(1043, '1068', 2, 5, 0, 0, 1.00),
(1044, '1069', 1, 4, 0, 0, 1.00),
(1045, '1070', 1, 4, 0, 0, 1.00),
(1046, '1071', 2, 4, 0, 0, 1.00),
(1047, '1072', 1, 5, 0, 0, 1.00),
(1048, '1073', 1, 5, 1, 0, 1.00),
(1049, '1074', 1, 5, 0, 0, 1.00),
(1050, '1075', 1, 5, 0, 0, 1.00),
(1051, '1076', 1, 5, 0, 0, 1.00),
(1052, '1077', 1, 4, 0, 0, 1.00),
(1053, '1078', 1, 5, 1, 0, 1.00),
(1054, '1079', 1, 5, 1, 0, 1.00),
(1055, '1080', 4, 6, 0, 0, 1.00),
(1056, '1081', 6, 5, 0, 0, 1.00),
(1058, '1082', 1, 4, 0, 0, 1.00),
(1059, '1083', 1, 4, 0, 0, 1.00),
(1060, '1084', 1, 5, 0, 0, 1.00),
(1061, '1085', 1, 4, 0, 0, 1.00),
(1062, '1086', 6, 5, 1, 0, 1.00),
(1064, '1087', 1, 5, 0, 0, 1.00),
(1065, '1088', 1, 5, 0, 0, 1.00),
(1066, '1089', 1, 1, 1, 0, 1.00),
(1067, '1090', 1, 5, 0, 0, 1.00),
(1068, '1091', 1, 3, 1, 0, 1.00),
(1069, '1092', 1, 4, 0, 0, 1.00),
(1070, '1093', 1, 3, 0, 0, 1.00),
(1071, '1094', 1, 4, 0, 0, 1.00),
(1072, '1095', 1, 2, 1, 0, 1.00),
(1073, '1096', 1, 4, 0, 0, 1.00),
(1074, '1098', 1, 5, 1, 0, 1.00),
(1075, '1099', 1, 6, 0, 0, 1.00),
(1076, '1100', 2, 3, 0, 0, 1.00),
(1077, '1102', 2, 3, 0, 0, 1.00),
(1078, '1104', 1, 1, 0, 0, 1.00),
(1079, '1105', 1, 3, 1, 0, 1.00),
(1080, '1106', 1, 4, 0, 0, 1.00),
(1081, '1107', 1, 2, 0, 0, 1.00),
(1082, '1108', 1, 5, 0, 0, 1.00),
(1083, '1109', 1, 1, 1, 0, 1.00),
(1084, '1110', 1, 6, 0, 0, 1.00),
(1085, '1111', 6, 5, 0, 0, 1.00),
(1087, '1112', 1, 6, 0, 0, 1.00),
(1088, '1113', 1, 6, 0, 0, 1.00),
(1089, '1114', 2, 4, 1, 0, 1.00),
(1090, '1115', 1, 4, 0, 0, 1.00),
(1091, '1116', 2, 1, 1, 1, 1.10),
(1092, '1118', 2, 4, 0, 0, 1.00),
(1093, '1119', 1, 6, 0, 0, 1.00),
(1094, '1120', 1, 5, 0, 0, 1.00),
(1095, '1121', 1, 4, 0, 0, 1.00),
(1096, '1122', 1, 1, 0, 0, 1.00),
(1097, '1123', 1, 2, 0, 0, 1.00),
(1098, '1124', 1, 2, 0, 0, 1.00),
(1099, '1125', 1, 2, 1, 0, 1.00),
(1100, '1126', 2, 1, 0, 1, 1.10),
(1101, '1127', 1, 4, 0, 0, 1.00),
(1102, '1128', 1, 1, 0, 0, 1.00),
(1103, '1129', 1, 2, 1, 0, 1.00),
(1104, '1130', 1, 2, 0, 0, 1.00),
(1105, '1132', 1, 4, 0, 0, 1.00),
(1106, '1134', 1, 3, 0, 0, 1.00),
(1107, '1135', 2, 3, 1, 0, 1.00),
(1108, '1136', 1, 4, 0, 0, 1.00),
(1109, '1137', 1, 3, 0, 0, 1.00),
(1110, '1138', 1, 2, 0, 0, 1.00),
(1111, '1139', 1, 2, 0, 0, 1.00),
(1112, '1140', 1, 3, 0, 0, 1.00),
(1113, '1141', 1, 6, 1, 0, 1.00),
(1114, '1142', 4, 6, 1, 0, 1.00),
(1115, '1143', 1, 5, 0, 0, 1.00),
(1116, '1145', 1, 4, 0, 0, 1.00),
(1117, '1146', 1, 5, 1, 0, 1.00),
(1118, '1148', 1, 3, 0, 0, 1.00),
(1119, '1149', 1, 4, 0, 0, 1.00),
(1120, '1151', 4, 6, 1, 0, 1.00),
(1121, '1152', 2, 6, 0, 1, 1.10),
(1122, '1153', 1, 6, 0, 0, 1.00),
(1123, '1154', 1, 3, 1, 0, 1.00),
(1124, '1155', 2, 3, 0, 0, 1.00),
(1125, '1156', 1, 4, 0, 0, 1.00),
(1126, '1157', 1, 2, 1, 0, 1.00),
(1127, '1158', 1, 3, 0, 0, 1.00),
(1128, '1159', 1, 3, 0, 0, 1.00),
(1129, '1160', 1, 5, 1, 0, 1.00),
(1130, '1161', 1, 2, 0, 0, 1.00),
(1131, '1162', 1, 2, 1, 0, 1.00),
(1132, '1163', 1, 1, 0, 0, 1.00),
(1133, '1164', 1, 1, 0, 0, 1.00),
(1134, '1165', 1, 3, 0, 0, 1.00),
(1135, '1166', 1, 2, 0, 0, 1.00),
(1136, '1167', 1, 3, 0, 0, 1.00),
(1137, '1168', 1, 4, 0, 0, 1.00),
(1138, '1169', 1, 4, 0, 0, 1.00),
(1139, '1170', 1, 5, 0, 0, 1.00),
(1140, '1171', 1, 5, 0, 0, 1.00),
(1141, '1172', 1, 5, 0, 0, 1.00),
(1142, '1173', 1, 4, 1, 0, 1.00),
(1143, '1174', 1, 1, 0, 0, 1.00),
(1144, '1175', 1, 4, 0, 0, 1.00),
(1145, '1176', 1, 4, 0, 0, 1.00),
(1146, '1177', 1, 5, 1, 0, 1.00),
(1148, '1178', 2, 5, 0, 0, 1.00),
(1149, '1179', 1, 3, 0, 0, 1.00),
(1150, '1180', 1, 4, 0, 0, 1.00),
(1151, '1181', 1, 5, 1, 0, 1.00),
(1152, '1182', 1, 5, 0, 0, 1.00),
(1153, '1183', 1, 4, 0, 0, 1.00),
(1154, '1184', 1, 5, 1, 0, 1.00),
(1155, '1185', 1, 5, 0, 0, 1.00),
(1156, '1186', 1, 6, 0, 0, 1.00),
(1157, '1187', 2, 3, 1, 0, 1.00),
(1158, '1188', 1, 4, 1, 0, 1.00),
(1159, '1189', 1, 5, 1, 0, 1.00),
(1160, '1190', 1, 3, 0, 0, 1.00),
(1161, '1191', 1, 3, 0, 0, 1.00),
(1162, '1192', 1, 3, 1, 0, 1.00),
(1163, '1193', 1, 5, 0, 0, 1.00),
(1164, '1194', 1, 5, 0, 0, 1.00),
(1165, '1195', 1, 5, 0, 0, 1.00),
(1166, '1197', 2, 3, 0, 0, 1.00),
(1167, '1198', 1, 4, 0, 0, 1.00),
(1168, '1199', 1, 1, 1, 0, 1.00),
(1169, '1200', 1, 1, 1, 0, 1.00),
(1170, '1201', 1, 5, 0, 0, 1.00),
(1171, '1202', 2, 5, 0, 0, 1.00),
(1172, '1203', 1, 4, 0, 0, 1.00),
(1173, '1204', 1, 2, 0, 0, 1.00),
(1174, '1205', 1, 5, 0, 0, 1.00),
(1175, '1206', 1, 1, 0, 0, 1.00),
(1176, '1207', 1, 1, 0, 0, 1.00),
(1177, '1208', 1, 3, 0, 0, 1.00),
(1178, '1209', 6, 5, 0, 0, 1.00),
(1180, '1210', 4, 6, 0, 0, 1.00),
(1181, '1211', 1, 1, 0, 0, 1.00),
(1182, '1212', 4, 6, 1, 0, 1.00),
(1183, '1213', 1, 5, 1, 0, 1.00),
(1185, '1214', 2, 4, 0, 0, 1.00),
(1186, '1215', 1, 6, 0, 0, 1.00),
(1187, '1216', 1, 5, 0, 0, 1.00),
(1188, '1217', 1, 4, 0, 0, 1.00),
(1189, '1218', 1, 2, 0, 0, 1.00),
(1190, '1219', 2, 5, 0, 0, 1.00),
(1191, '1220', 1, 5, 0, 0, 1.00),
(1192, '1221', 2, 3, 0, 0, 1.00),
(1193, '1222', 1, 6, 0, 0, 1.00),
(1194, '1223', 1, 5, 0, 0, 1.00),
(1195, '1224', 3, 2, 0, 1, 1.20),
(1196, '1225', 1, 5, 1, 0, 1.00),
(1197, '1226', 1, 4, 0, 0, 1.00),
(1198, '1229', 1, 5, 0, 0, 1.00),
(1199, '1230', 1, 5, 0, 0, 1.00),
(1200, '1231', 4, 6, 0, 0, 1.00),
(1201, '1232', 1, 4, 0, 0, 1.00),
(1202, '1233', 1, 5, 0, 0, 1.00),
(1203, '1234', 1, 6, 0, 0, 1.00),
(1204, '1235', 1, 6, 0, 0, 1.00),
(1205, '1236', 1, 5, 0, 0, 1.00),
(1206, '1237', 2, 5, 0, 0, 1.00),
(1207, '1238', 1, 4, 0, 0, 1.00),
(1208, '1239', 1, 5, 0, 0, 1.00),
(1209, '1240', 1, 3, 1, 0, 1.00),
(1210, '1241', 1, 5, 0, 0, 1.00),
(1211, '1242', 1, 3, 0, 0, 1.00),
(1212, '1244', 1, 6, 0, 0, 1.00),
(1213, '1245', 1, 1, 0, 0, 1.00),
(1214, '1246', 1, 3, 0, 0, 1.00),
(1215, '1247', 1, 1, 0, 0, 1.00),
(1216, '1248', 1, 4, 1, 0, 1.00),
(1217, '1249', 1, 5, 1, 0, 1.00),
(1218, '1250', 1, 5, 0, 0, 1.00),
(1219, '1251', 1, 5, 1, 0, 1.00),
(1220, '1252', 1, 5, 0, 0, 1.00),
(1221, '1253', 1, 3, 0, 0, 1.00),
(1222, '1254', 1, 6, 1, 0, 1.00),
(1223, '1255', 1, 5, 0, 0, 1.00),
(1224, '1256', 1, 5, 0, 0, 1.00),
(1225, '1257', 1, 5, 0, 0, 1.00),
(1226, '1258', 1, 1, 0, 0, 1.00),
(1227, '1259', 1, 4, 0, 0, 1.00),
(1228, '1260', 1, 5, 0, 0, 1.00),
(1229, '1261', 1, 3, 0, 0, 1.00),
(1230, '1262', 1, 5, 0, 0, 1.00),
(1231, '1263', 1, 4, 0, 0, 1.00),
(1232, '1264', 1, 4, 0, 0, 1.00),
(1233, '1265', 1, 5, 0, 0, 1.00),
(1234, '1267', 1, 4, 0, 1, 1.10),
(1235, '1268', 1, 4, 0, 1, 1.10),
(1236, '1269', 1, 1, 0, 0, 1.00),
(1237, '1270', 2, 6, 0, 1, 1.10),
(1238, '1271', 1, 6, 0, 0, 1.00),
(1239, '1272', 1, 5, 0, 0, 1.00),
(1240, '1273', 1, 6, 0, 0, 1.00),
(1241, '1274', 1, 4, 0, 0, 1.00),
(1242, '1275', 6, 2, 1, 0, 1.00),
(1243, '1276', 2, 5, 0, 0, 1.00),
(1244, '1277', 1, 1, 1, 0, 1.00),
(1245, '1278', 1, 4, 1, 0, 1.00),
(1246, '1279', 1, 6, 0, 0, 1.00),
(1247, '1280', 1, 5, 0, 0, 1.00),
(1248, '1281', 1, 3, 0, 0, 1.00),
(1249, '1282', 1, 6, 0, 0, 1.00),
(1250, '1283', 1, 3, 0, 0, 1.00),
(1251, '1284', 1, 5, 1, 0, 1.00),
(1252, '1285', 1, 5, 1, 0, 1.00),
(1253, '1286', 1, 5, 0, 0, 1.00),
(1254, '1287', 1, 5, 1, 0, 1.00),
(1255, '1288', 1, 5, 0, 0, 1.00),
(1256, '1289', 1, 5, 0, 0, 1.00),
(1257, '1290', 2, 4, 0, 0, 1.00),
(1258, '1291', 1, 6, 0, 0, 1.00),
(1259, '1292', 1, 4, 0, 0, 1.00),
(1260, '1293', 1, 5, 0, 0, 1.00),
(1261, '1294', 1, 3, 0, 0, 1.00),
(1262, '1295', 1, 3, 0, 0, 1.00),
(1263, '1296', 1, 4, 0, 0, 1.00),
(1264, '1298', 1, 5, 1, 0, 1.00),
(1265, '1299', 1, 6, 0, 0, 1.00),
(1266, '1300', 1, 5, 1, 0, 1.00),
(1268, '1301', 1, 6, 0, 0, 1.00),
(1269, '1302', 1, 6, 0, 0, 1.00),
(1270, '1303', 1, 5, 0, 0, 1.00),
(1271, '1304', 4, 2, 0, 0, 1.00),
(1272, '1305', 1, 1, 0, 0, 1.00),
(1273, '1306', 1, 5, 0, 0, 1.00),
(1274, '1307', 1, 3, 0, 0, 1.00),
(1275, '1308', 1, 3, 0, 0, 1.00),
(1276, '1309', 1, 4, 0, 0, 1.00),
(1277, '1310', 1, 4, 0, 0, 1.00),
(1278, '1312', 1, 6, 0, 0, 1.00),
(1279, '1313', 4, 6, 0, 0, 1.00),
(1280, '1314', 2, 6, 0, 0, 1.00),
(1281, '1315', 2, 3, 0, 0, 1.00),
(1282, '1316', 1, 4, 1, 0, 1.00),
(1283, '1317', 1, 4, 0, 0, 1.00),
(1284, '1318', 1, 5, 1, 0, 1.00),
(1285, '1319', 1, 4, 0, 0, 1.00),
(1286, '1320', 1, 5, 1, 0, 1.00),
(1287, '1322', 1, 4, 1, 0, 1.00),
(1288, '1323', 1, 5, 0, 0, 1.00),
(1289, '1325', 1, 5, 0, 0, 1.00),
(1290, '1326', 2, 3, 0, 0, 1.00),
(1291, '1327', 2, 3, 0, 0, 1.00),
(1292, '1328', 2, 3, 0, 0, 1.00),
(1293, '1329', 2, 3, 0, 0, 1.00),
(1294, '1330', 2, 4, 0, 0, 1.00),
(1295, '1332', 1, 5, 0, 0, 1.00),
(1296, '1333', 1, 5, 0, 0, 1.00),
(1297, '1334', 2, 3, 0, 0, 1.00),
(1298, '1335', 1, 2, 1, 0, 1.00),
(1299, '1336', 1, 6, 0, 0, 1.00),
(1300, '1337', 2, 3, 0, 0, 1.00),
(1301, '1338', 1, 5, 0, 0, 1.00),
(1303, '1339', 2, 3, 0, 0, 1.00),
(1304, '1340', 2, 4, 1, 0, 1.00),
(1305, '1341', 2, 3, 0, 0, 1.00),
(1306, '1342', 1, 5, 1, 0, 1.00),
(1307, '1343', 1, 5, 0, 0, 1.00),
(1308, '1344', 1, 6, 0, 0, 1.00),
(1309, '1345', 2, 3, 0, 0, 1.00),
(1310, '1346', 1, 5, 1, 0, 1.00),
(1312, '1348', 1, 4, 0, 0, 1.00),
(1313, '1349', 1, 2, 0, 0, 1.00),
(1314, '1350', 6, 2, 0, 0, 1.00);

-- --------------------------------------------------------

--
-- Структура таблицы `tariff_groups`
--

CREATE TABLE `tariff_groups` (
  `tariff_group_id` int(11) NOT NULL COMMENT 'уникальный идентификатор тарифной группы',
  `group_name` varchar(50) NOT NULL COMMENT 'название группы'
) ENGINE=InnoDB DEFAULT CHARSET=utf8 COLLATE=utf8_general_ci COMMENT='тарифные группы';

--
-- Дамп данных таблицы `tariff_groups`
--

INSERT INTO `tariff_groups` (`tariff_group_id`, `group_name`) VALUES
(1, '1'),
(6, '11'),
(2, '2'),
(3, '3'),
(4, '4'),
(5, '5'),
(7, '6');

-- --------------------------------------------------------

--
-- Структура таблицы `users`
--

CREATE TABLE `users` (
  `user_id` int(11) NOT NULL,
  `username` varchar(50) NOT NULL,
  `email` varchar(100) NOT NULL,
  `password` varchar(255) NOT NULL,
  `full_name` varchar(100) DEFAULT NULL,
  `role` enum('user','admin') NOT NULL DEFAULT 'user',
  `created_at` timestamp NOT NULL DEFAULT current_timestamp(),
  `last_login` timestamp NULL DEFAULT NULL,
  `is_active` tinyint(1) NOT NULL DEFAULT 1
) ENGINE=InnoDB DEFAULT CHARSET=utf8 COLLATE=utf8_general_ci;

--
-- Дамп данных таблицы `users`
--

INSERT INTO `users` (`user_id`, `username`, `email`, `password`, `full_name`, `role`, `created_at`, `last_login`, `is_active`) VALUES
(1, 'admin', 'admin@example.com', '123qweR%', 'Administrator', 'admin', '2026-03-10 09:25:04', NULL, 1),
(2, 'anton', 'antonvalui396@mail.ru', '$2y$10$8V0tioA4gTsER43BmMlaQ.8OhAE8dVdJ.6ljAghldYiocizOU01Em', 'ads', 'admin', '2026-03-10 10:23:50', '2026-03-16 07:48:00', 1);

-- --------------------------------------------------------

--
-- Структура таблицы `user_logs`
--

CREATE TABLE `user_logs` (
  `log_id` int(11) NOT NULL,
  `user_id` int(11) NOT NULL,
  `action` varchar(255) NOT NULL,
  `details` text DEFAULT NULL,
  `ip_address` varchar(45) DEFAULT NULL,
  `created_at` timestamp NOT NULL DEFAULT current_timestamp()
) ENGINE=InnoDB DEFAULT CHARSET=utf8 COLLATE=utf8_general_ci;

--
-- Дамп данных таблицы `user_logs`
--

INSERT INTO `user_logs` (`log_id`, `user_id`, `action`, `details`, `ip_address`, `created_at`) VALUES
(1, 2, 'login', NULL, '127.0.0.1', '2026-03-10 10:23:59'),
(2, 2, 'logout', NULL, '127.0.0.1', '2026-03-10 10:32:20'),
(3, 2, 'login', NULL, '127.0.0.1', '2026-03-10 10:33:18'),
(4, 2, 'logout', NULL, '127.0.0.1', '2026-03-10 10:36:37'),
(5, 2, 'login', NULL, '127.0.0.1', '2026-03-10 10:36:40'),
(6, 2, 'login', NULL, '127.0.0.1', '2026-03-16 07:48:00'),
(7, 2, 'logout', NULL, '127.0.0.1', '2026-03-16 07:48:24');

--
-- Индексы сохранённых таблиц
--

--
-- Индексы таблицы `changes_log`
--
ALTER TABLE `changes_log`
  ADD PRIMARY KEY (`log_id`);

--
-- Индексы таблицы `fixed_salaries`
--
ALTER TABLE `fixed_salaries`
  ADD PRIMARY KEY (`fixed_salary_id`),
  ADD UNIQUE KEY `region_id` (`region_id`,`tariff_group_id`);

--
-- Индексы таблицы `hourly_rates`
--
ALTER TABLE `hourly_rates`
  ADD PRIMARY KEY (`hourly_rate_id`),
  ADD UNIQUE KEY `region_id` (`region_id`,`tariff_group_id`,`position_id`);

--
-- Индексы таблицы `positions`
--
ALTER TABLE `positions`
  ADD PRIMARY KEY (`position_id`),
  ADD UNIQUE KEY `position_name` (`position_name`);

--
-- Индексы таблицы `regions`
--
ALTER TABLE `regions`
  ADD PRIMARY KEY (`region_id`),
  ADD UNIQUE KEY `region_name` (`region_name`);

--
-- Индексы таблицы `stores`
--
ALTER TABLE `stores`
  ADD PRIMARY KEY (`store_id`),
  ADD UNIQUE KEY `store_number` (`store_number`);

--
-- Индексы таблицы `tariff_groups`
--
ALTER TABLE `tariff_groups`
  ADD PRIMARY KEY (`tariff_group_id`),
  ADD UNIQUE KEY `group_name` (`group_name`);

--
-- Индексы таблицы `users`
--
ALTER TABLE `users`
  ADD PRIMARY KEY (`user_id`),
  ADD UNIQUE KEY `username` (`username`),
  ADD UNIQUE KEY `email` (`email`);

--
-- Индексы таблицы `user_logs`
--
ALTER TABLE `user_logs`
  ADD PRIMARY KEY (`log_id`),
  ADD KEY `user_id` (`user_id`);

--
-- AUTO_INCREMENT для сохранённых таблиц
--

--
-- AUTO_INCREMENT для таблицы `changes_log`
--
ALTER TABLE `changes_log`
  MODIFY `log_id` int(11) NOT NULL AUTO_INCREMENT;

--
-- AUTO_INCREMENT для таблицы `fixed_salaries`
--
ALTER TABLE `fixed_salaries`
  MODIFY `fixed_salary_id` int(11) NOT NULL AUTO_INCREMENT COMMENT 'Уникальный идентификатор оклада', AUTO_INCREMENT=15;

--
-- AUTO_INCREMENT для таблицы `hourly_rates`
--
ALTER TABLE `hourly_rates`
  MODIFY `hourly_rate_id` int(11) NOT NULL AUTO_INCREMENT COMMENT 'уникальный идентификатор почасовой ставки', AUTO_INCREMENT=163;

--
-- AUTO_INCREMENT для таблицы `positions`
--
ALTER TABLE `positions`
  MODIFY `position_id` int(11) NOT NULL AUTO_INCREMENT COMMENT 'уникальный идентификатор должности', AUTO_INCREMENT=7;

--
-- AUTO_INCREMENT для таблицы `regions`
--
ALTER TABLE `regions`
  MODIFY `region_id` int(11) NOT NULL AUTO_INCREMENT COMMENT 'уникальный идентификатор региона', AUTO_INCREMENT=8;

--
-- AUTO_INCREMENT для таблицы `stores`
--
ALTER TABLE `stores`
  MODIFY `store_id` int(11) NOT NULL AUTO_INCREMENT COMMENT 'уникальный идентификатор магазина', AUTO_INCREMENT=1315;

--
-- AUTO_INCREMENT для таблицы `tariff_groups`
--
ALTER TABLE `tariff_groups`
  MODIFY `tariff_group_id` int(11) NOT NULL AUTO_INCREMENT COMMENT 'уникальный идентификатор тарифной группы', AUTO_INCREMENT=9;

--
-- AUTO_INCREMENT для таблицы `users`
--
ALTER TABLE `users`
  MODIFY `user_id` int(11) NOT NULL AUTO_INCREMENT, AUTO_INCREMENT=3;

--
-- AUTO_INCREMENT для таблицы `user_logs`
--
ALTER TABLE `user_logs`
  MODIFY `log_id` int(11) NOT NULL AUTO_INCREMENT, AUTO_INCREMENT=8;

--
-- Ограничения внешнего ключа сохраненных таблиц
--

--
-- Ограничения внешнего ключа таблицы `user_logs`
--
ALTER TABLE `user_logs`
  ADD CONSTRAINT `user_logs_ibfk_1` FOREIGN KEY (`user_id`) REFERENCES `users` (`user_id`) ON DELETE CASCADE;
COMMIT;

/*!40101 SET CHARACTER_SET_CLIENT=@OLD_CHARACTER_SET_CLIENT */;
/*!40101 SET CHARACTER_SET_RESULTS=@OLD_CHARACTER_SET_RESULTS */;
/*!40101 SET COLLATION_CONNECTION=@OLD_COLLATION_CONNECTION */;
